date,roll_yield,near_by,deferred
2017-01-03,-0.04266252388643349,TA705,TA709
2017-01-04,-0.04203608598631802,TA705,TA709
2017-01-05,-0.04237988692540291,TA705,TA709
2017-01-06,-0.045615564534685765,TA705,TA709
2017-01-09,-0.04541345719589518,TA705,TA709
2017-01-10,-0.0457683295504542,TA705,TA709
2017-01-11,-0.05160237014536239,TA705,TA709
2017-01-12,-0.04807094840447131,TA705,TA709
2017-01-13,-0.050164745734272494,TA705,TA709
2017-01-16,-0.05664656316399004,TA705,TA709
2017-01-17,-0.054686166079413547,TA705,TA709
2017-01-18,-0.054886272963244734,TA705,TA709
2017-01-19,-0.053446241772171194,TA705,TA709
2017-01-20,-0.05613812679646249,TA705,TA709
2017-01-23,-0.048069392316445955,TA705,TA709
2017-01-24,-0.04916390754891929,TA705,TA709
2017-01-25,-0.0400005926083955,TA705,TA709
2017-01-26,-0.04422684521161029,TA705,TA709
2017-02-03,-0.04843910077092592,TA705,TA709
2017-02-06,-0.04223245709638704,TA705,TA709
2017-02-07,-0.04456810244777764,TA705,TA709
2017-02-08,-0.044399364861138775,TA705,TA709
2017-02-09,-0.042835483097949933,TA705,TA709
2017-02-10,-0.0414944374453854,TA705,TA709
2017-02-13,-0.04077534738695803,TA705,TA709
2017-02-14,-0.04070618761820639,TA705,TA709
2017-02-15,-0.03864283193869318,TA705,TA709
2017-02-16,-0.04522434458121175,TA705,TA709
2017-02-17,-0.04304535791538522,TA705,TA709
2017-02-20,-0.0450034603568564,TA705,TA709
2017-02-21,-0.04941411874279403,TA705,TA709
2017-02-22,-0.05788637758147152,TA705,TA709
2017-02-23,-0.05264235341643718,TA705,TA709
2017-02-24,-0.05528150753449676,TA705,TA709
2017-02-27,-0.05409374061598053,TA705,TA709
2017-02-28,-0.05657524006362335,TA705,TA709
2017-03-01,-0.05551759859312386,TA705,TA709
2017-03-02,-0.059831042902006,TA705,TA709
2017-03-03,-0.05587554070176591,TA705,TA709
2017-03-06,-0.06080208119963299,TA705,TA709
2017-03-07,-0.06497679881485934,TA705,TA709
2017-03-08,-0.06922116285369849,TA705,TA709
2017-03-09,-0.06938697930603804,TA705,TA709
2017-03-10,-0.08817340011577733,TA705,TA709
2017-03-13,-0.08931647500101014,TA705,TA709
2017-03-14,-0.09206393447665123,TA705,TA709
2017-03-15,-0.09188545348538886,TA705,TA709
2017-03-16,-0.09370339518522752,TA705,TA709
2017-03-17,-0.09249287501297367,TA705,TA709
2017-03-20,-0.0952829896401287,TA705,TA709
2017-03-21,-0.09657611146758185,TA705,TA709
2017-03-22,-0.08906904211703963,TA705,TA709
2017-03-23,-0.09288667681190067,TA705,TA709
2017-03-24,-0.09636551186489942,TA705,TA709
2017-03-27,-0.09973217573746329,TA705,TA709
2017-03-28,-0.09996958298664155,TA705,TA709
2017-03-29,-0.09910456819473153,TA705,TA709
2017-03-30,-0.09649432191210319,TA705,TA709
2017-03-31,-0.10137730492578662,TA705,TA709
2017-04-05,-0.09708818872283562,TA705,TA709
2017-04-06,-0.09293038660799528,TA705,TA709
2017-04-07,-0.084278539370182,TA705,TA709
2017-04-10,-0.09340655990052632,TA705,TA709
2017-04-11,-0.09517055007638121,TA705,TA709
2017-04-12,-0.09016907962708538,TA705,TA709
2017-04-13,-0.09494082910781237,TA705,TA709
2017-04-14,-0.09623920683068274,TA705,TA709
2017-04-17,-0.09607462656502043,TA705,TA709
2017-04-18,-0.09848620225758242,TA705,TA709
2017-04-19,-0.09631645862389424,TA705,TA709
2017-04-20,-0.09317143263399728,TA705,TA709
2017-04-21,-0.09737163044214467,TA705,TA709
2017-04-24,-0.09640854022648723,TA705,TA709
2017-04-25,-0.09489392485822859,TA705,TA709
2017-04-26,-0.09638390761064144,TA705,TA709
2017-04-27,-0.09731914730235208,TA705,TA709
2017-04-28,-0.0950501228239714,TA705,TA709
2017-05-02,-0.09415894146201215,TA705,TA709
2017-05-03,-0.09540143474960099,TA705,TA709
2017-05-04,-0.09473159325056071,TA705,TA709
2017-05-05,-0.09807708505662684,TA705,TA709
2017-05-08,-0.09617019178032411,TA705,TA709
2017-05-09,-0.10759099260246718,TA709,TA801
2017-05-10,-0.11071367080635294,TA709,TA801
2017-05-11,-0.10865887620547407,TA709,TA801
2017-05-12,-0.11003678466024283,TA709,TA801
2017-05-15,-0.10497753139147616,TA709,TA801
2017-05-16,-0.10304527376520362,TA709,TA801
2017-05-17,-0.10430621070347781,TA709,TA801
2017-05-18,-0.10451507414792192,TA709,TA801
2017-05-19,-0.10101964531976343,TA709,TA801
2017-05-22,-0.09914356213860126,TA709,TA801
2017-05-23,-0.10062099223506388,TA709,TA801
2017-05-24,-0.10335609403599294,TA709,TA801
2017-05-25,-0.09923199934959918,TA709,TA801
2017-05-26,-0.11012655749010383,TA709,TA801
2017-05-31,-0.1091921797125,TA709,TA801
2017-06-01,-0.11293991400876566,TA709,TA801
2017-06-02,-0.10964675559033951,TA709,TA801
2017-06-05,-0.10262694510851028,TA709,TA801
2017-06-06,-0.10182944444491931,TA709,TA801
2017-06-07,-0.10343754280885652,TA709,TA801
2017-06-08,-0.1001721725793005,TA709,TA801
2017-06-09,-0.0978081737475146,TA709,TA801
2017-06-12,-0.10261586708413824,TA709,TA801
2017-06-13,-0.09478309625465155,TA709,TA801
2017-06-14,-0.09443879075818679,TA709,TA801
2017-06-15,-0.09752992181868142,TA709,TA801
2017-06-16,-0.09888992994611971,TA709,TA801
2017-06-19,-0.09366258401872908,TA709,TA801
2017-06-20,-0.09178770213034587,TA709,TA801
2017-06-21,-0.08860365093751277,TA709,TA801
2017-06-22,-0.09556133689222608,TA709,TA801
2017-06-23,-0.09140270596130186,TA709,TA801
2017-06-26,-0.08878576473238552,TA709,TA801
2017-06-27,-0.0838181060677243,TA709,TA801
2017-06-28,-0.07980826686994708,TA709,TA801
2017-06-29,-0.07896791220495036,TA709,TA801
2017-06-30,-0.08530225365951533,TA709,TA801
2017-07-03,-0.08000474124648382,TA709,TA801
2017-07-04,-0.07214531495688478,TA709,TA801
2017-07-05,-0.056435524566222285,TA709,TA801
2017-07-06,-0.05175654948474809,TA709,TA801
2017-07-07,-0.04574727490850653,TA709,TA801
2017-07-10,-0.033775990068608805,TA709,TA801
2017-07-11,0.07713708938546701,TA709,TA801
2017-07-12,0.1052333752927391,TA709,TA801
2017-07-13,0.10108153735941794,TA709,TA801
2017-07-14,0.1436444586996419,TA709,TA801
2017-07-17,0.15757046093982352,TA709,TA801
2017-07-18,0.1686092896756725,TA709,TA801
2017-07-19,0.15048747477635824,TA709,TA801
2017-07-20,0.050363639888396705,TA709,TA801
2017-07-21,0.04029997273824738,TA709,TA801
2017-07-24,0.04985621988343998,TA709,TA801
2017-07-25,0.030104459487981416,TA709,TA801
2017-07-26,-0.006979452547030616,TA709,TA801
2017-07-27,0.0160919926067416,TA709,TA801
2017-07-28,0.008131660351373998,TA709,TA801
2017-07-31,-0.014951152279718185,TA709,TA801
2017-08-01,-0.031220169983789244,TA709,TA801
2017-08-02,-0.043082440383602746,TA709,TA801
2017-08-03,-0.048914127074830706,TA709,TA801
2017-08-04,-0.05443113993908061,TA709,TA801
2017-08-07,-0.045464246838539335,TA709,TA801
2017-08-08,-0.06272005445794114,TA709,TA801
2017-08-09,-0.0827955960319666,TA709,TA801
2017-08-10,-0.07569208852868764,TA709,TA801
2017-08-11,-0.06431741179299438,TA709,TA801
2017-08-14,-0.061618132023051275,TA709,TA801
2017-08-15,-0.06866913853531788,TA709,TA801
2017-08-16,-0.09923199934959875,TA709,TA801
2017-08-17,-0.09385045660264049,TA709,TA801
2017-08-18,-0.0944588065229845,TA709,TA801
2017-08-21,-0.09249513129417869,TA709,TA801
2017-08-22,-0.08679486760201618,TA709,TA801
2017-08-23,-0.085720117332168,TA709,TA801
2017-08-24,-0.08699579444153788,TA709,TA801
2017-08-25,0.024952884879294337,TA801,TA805
2017-08-28,0.02622095354743996,TA801,TA805
2017-08-29,0.028533599160128653,TA801,TA805
2017-08-30,0.041018489370006794,TA801,TA805
2017-08-31,0.04442837986071719,TA801,TA805
2017-09-01,0.06204394851085013,TA801,TA805
2017-09-04,0.028042828981302902,TA801,TA805
2017-09-05,0.017903820389836955,TA801,TA805
2017-09-06,0.01017525000336265,TA801,TA805
2017-09-07,0.009073730924812402,TA801,TA805
2017-09-08,0.017087572303172073,TA801,TA805
2017-09-11,0.007992392928939232,TA801,TA805
2017-09-12,0.020446879605180282,TA801,TA805
2017-09-13,0.011463521781970378,TA801,TA805
2017-09-14,0.016012237784162817,TA801,TA805
2017-09-15,0.022918369673872844,TA801,TA805
2017-09-18,0.021801587629536996,TA801,TA805
2017-09-19,0.03887249509089157,TA801,TA805
2017-09-20,0.048892497736796756,TA801,TA805
2017-09-21,0.050537182828928814,TA801,TA805
2017-09-22,0.06395369710364678,TA801,TA805
2017-09-25,0.06136577598420519,TA801,TA805
2017-09-26,0.04318256375884054,TA801,TA805
2017-09-27,0.03868085441103079,TA801,TA805
2017-09-28,0.05083865501837298,TA801,TA805
2017-09-29,0.04463668876938202,TA801,TA805
2017-10-09,0.0447067096942787,TA801,TA805
2017-10-10,0.0423536446373548,TA801,TA805
2017-10-11,0.03178369929418808,TA801,TA805
2017-10-12,0.01878675415384229,TA801,TA805
2017-10-13,0.010532485950188911,TA801,TA805
2017-10-16,-0.010450949218338898,TA801,TA805
2017-10-17,-0.00813481033019046,TA801,TA805
2017-10-18,0.001150086270554539,TA801,TA805
2017-10-19,0.004647560960488135,TA801,TA805
2017-10-20,0.009266416633759102,TA801,TA805
2017-10-23,-0.0011598685626791189,TA801,TA805
2017-10-24,-0.004631417361380572,TA801,TA805
2017-10-25,0.006955180858741484,TA801,TA805
2017-10-26,0.010402630342390489,TA801,TA805
2017-10-27,0.019717836302568993,TA801,TA805
2017-10-30,0.01960414433422409,TA801,TA805
2017-10-31,-0.008137962750382022,TA801,TA805
2017-11-01,-0.02661541082953819,TA801,TA805
2017-11-02,-0.023094802277257007,TA801,TA805
2017-11-03,-0.0333145295999794,TA801,TA805
2017-11-06,-0.004518073143113572,TA801,TA805
2017-11-07,-0.02472850269513547,TA801,TA805
2017-11-08,-0.018058745275158387,TA801,TA805
2017-11-09,-0.017937273168174027,TA801,TA805
2017-11-10,0.00449270020318457,TA801,TA805
2017-11-13,0.05150811460601989,TA801,TA805
2017-11-14,0.10637872836546303,TA801,TA805
2017-11-15,0.10252697222235967,TA801,TA805
2017-11-16,0.08389067588594051,TA801,TA805
2017-11-17,0.0860036846087154,TA801,TA805
2017-11-20,0.08731063662718143,TA801,TA805
2017-11-21,0.07128831138333784,TA801,TA805
2017-11-22,-0.014304079914075086,TA801,TA805
2017-11-23,-0.016589904028383257,TA801,TA805
2017-11-24,-0.023132113874889504,TA801,TA805
2017-11-27,-0.0066617347877317434,TA801,TA805
2017-11-28,-0.011173197272947319,TA801,TA805
2017-11-29,-0.01671313514836608,TA801,TA805
2017-11-30,-0.015659990816273322,TA801,TA805
2017-12-01,-0.015146083379937668,TA801,TA805
2017-12-04,0.010760413257857825,TA801,TA805
2017-12-05,0.013090929863319816,TA801,TA805
2017-12-06,0.06901814104115235,TA801,TA805
2017-12-07,0.04741874131276499,TA801,TA805
2017-12-08,0.029850992559504276,TA801,TA805
2017-12-11,0.015532579076806923,TA801,TA805
2017-12-12,0.012161431800915322,TA801,TA805
2017-12-13,0.04297594153743612,TA801,TA805
2017-12-14,0.054719551630825786,TA801,TA805
2017-12-15,0.05353301896848166,TA801,TA805
2017-12-18,0.032420662089531385,TA801,TA805
2017-12-19,0.012279086909924969,TA801,TA805
2017-12-20,0.008912000612596028,TA801,TA805
2017-12-21,0.020052061285715378,TA801,TA805
2017-12-22,0.023424547343435128,TA801,TA805
2017-12-25,0.020059510100974513,TA801,TA805
2017-12-26,-0.013206168207473407,TA803,TA805
2017-12-27,-0.013172343380613691,TA803,TA805
2017-12-28,-0.0021822149722274687,TA803,TA805
2017-12-29,-0.00652528612439396,TA803,TA805
2018-01-02,-0.017241391174390844,TA803,TA805
2018-01-03,-0.002161772676961285,TA803,TA805
2018-01-04,-0.012793181819044267,TA803,TA805
2018-01-05,-0.0021318173967384366,TA803,TA805
2018-01-08,0.0,TA803,TA805
2018-01-09,0.0021078517694394063,TA803,TA805
2018-01-10,0.006345849348812672,TA803,TA805
2018-01-11,0.0063369131044486455,TA803,TA805
2018-01-12,0.006379585927980503,TA803,TA805
2018-01-15,0.0021137925178995607,TA803,TA805
2018-01-16,0.0,TA803,TA805
2018-01-17,0.004290311230353521,TA803,TA805
2018-01-18,0.0021432398870512206,TA803,TA805
2018-01-19,-0.008556151182565502,TA803,TA805
2018-01-22,-0.04036127806101011,TA803,TA805
2018-01-23,-0.033934342841130685,TA803,TA805
2018-01-24,0.0031298907377330237,TA805,TA809
2018-01-25,0.0020833334170577773,TA805,TA809
2018-01-26,-0.0,TA805,TA809
2018-01-29,0.0031375286108907795,TA805,TA809
2018-01-30,0.0052714826425998415,TA805,TA809
2018-01-31,0.013653095506256418,TA805,TA809
2018-02-01,0.019142213120183292,TA805,TA809
2018-02-02,0.020180639030505054,TA805,TA809
2018-02-05,0.013793127745888294,TA805,TA809
2018-02-06,0.01276597671041515,TA805,TA809
2018-02-07,0.01705761525105903,TA805,TA809
2018-02-08,0.021390464953773572,TA805,TA809
2018-02-09,0.01934104120265307,TA805,TA809
2018-02-12,0.036677911013597776,TA805,TA809
2018-02-13,0.04091951450961236,TA805,TA809
2018-02-14,0.04509748487403806,TA805,TA809
2018-02-22,0.07131788751840637,TA805,TA809
2018-02-23,0.0781734371602788,TA805,TA809
2018-02-26,0.08345461642959202,TA805,TA809
2018-02-27,0.08211148290609621,TA805,TA809
2018-02-28,0.08427812765600805,TA805,TA809
2018-03-01,0.08256922516091583,TA805,TA809
2018-03-02,0.08881024636074897,TA805,TA809
2018-03-05,0.08199529320703294,TA805,TA809
2018-03-06,0.06937940598281651,TA805,TA809
2018-03-07,0.053117534947364195,TA805,TA809
2018-03-08,0.05135646099534197,TA805,TA809
2018-03-09,0.04330641783524299,TA805,TA809
2018-03-12,0.03686349238107976,TA805,TA809
2018-03-13,0.036677911013597776,TA805,TA809
2018-03-14,0.01406168069327058,TA805,TA809
2018-03-15,0.04003666274316607,TA805,TA809
2018-03-16,0.02717902264356002,TA805,TA809
2018-03-19,0.022747897402190125,TA805,TA809
2018-03-20,0.022896712999354935,TA805,TA809
2018-03-21,0.0196079129393566,TA805,TA809
2018-03-22,-0.011847080554918451,TA805,TA809
2018-03-23,0.0010922993020724605,TA805,TA809
2018-03-26,-0.003267380972825714,TA805,TA809
2018-03-27,-0.0010982976509269589,TA805,TA809
2018-03-28,0.008852828261203777,TA805,TA809
2018-03-29,0.0011133791183649065,TA805,TA809
2018-03-30,0.0033130870291596826,TA805,TA809
2018-04-02,0.0077021865157372,TA805,TA809
2018-04-03,0.002200220120624261,TA805,TA809
2018-04-04,0.014415108126844618,TA805,TA809
2018-04-09,0.006688965981807205,TA805,TA809
2018-04-10,-0.006634724414520463,TA805,TA809
2018-04-11,-0.00660066272880727,TA805,TA809
2018-04-12,-0.00878156499702187,TA805,TA809
2018-04-13,-0.00110071547740036,TA805,TA809
2018-04-16,0.0,TA805,TA809
2018-04-17,0.0010911074861139868,TA805,TA809
2018-04-18,-0.0010844026866672434,TA805,TA809
2018-04-19,-0.002138275215257459,TA805,TA809
2018-04-20,-0.003229858557090381,TA805,TA809
2018-04-23,0.019227362012257058,TA807,TA809
2018-04-24,0.025586392718745108,TA807,TA809
2018-04-25,0.02779267395936951,TA807,TA809
2018-04-26,0.032194675706242605,TA807,TA809
2018-04-27,0.03431031508196941,TA807,TA809
2018-05-02,0.019152348236051782,TA807,TA809
2018-05-03,0.025568220509807366,TA807,TA809
2018-05-04,0.008547009992311326,TA807,TA809
2018-05-07,0.02540582483273031,TA807,TA809
2018-05-08,0.021126782391473763,TA807,TA809
2018-05-09,0.01692525804984758,TA807,TA809
2018-05-10,0.012539189516755419,TA807,TA809
2018-05-11,0.028925675857636855,TA807,TA809
2018-05-14,0.024801964355106933,TA807,TA809
2018-05-15,0.02660758240719465,TA807,TA809
2018-05-16,0.022529468355166553,TA807,TA809
2018-05-17,0.030774558832924334,TA807,TA809
2018-05-18,0.026726102096282248,TA807,TA809
2018-05-21,0.018408059436534695,TA807,TA809
2018-05-22,0.016551734634477965,TA807,TA809
2018-05-23,0.008301627059399234,TA807,TA809
2018-05-24,0.01659752095734066,TA807,TA809
2018-05-25,0.0165289360730681,TA807,TA809
2018-05-28,0.023161987001874846,TA807,TA809
2018-05-29,0.025236630265645175,TA807,TA809
2018-05-30,0.01686578763390137,TA807,TA809
2018-05-31,0.031485116852671025,TA807,TA809
2018-06-01,0.018861396393999273,TA809,TA901
2018-06-04,0.022016523766328427,TA809,TA901
2018-06-05,0.017948320296538898,TA809,TA901
2018-06-06,0.013725169110041707,TA809,TA901
2018-06-07,0.015831171302531345,TA809,TA901
2018-06-08,0.014825303732336903,TA809,TA901
2018-06-11,0.013749363041149584,TA809,TA901
2018-06-12,0.01791050095951139,TA809,TA901
2018-06-13,0.014856768955399256,TA809,TA901
2018-06-14,0.02210924202278136,TA809,TA901
2018-06-15,0.0221714892668608,TA809,TA901
2018-06-19,0.01838837558085907,TA809,TA901
2018-06-20,0.02053692041004259,TA809,TA901
2018-06-21,0.020522132233163962,TA809,TA901
2018-06-22,0.027987285865555017,TA809,TA901
2018-06-25,0.034359717040507144,TA809,TA901
2018-06-26,0.0428731841148266,TA809,TA901
2018-06-27,0.04677039124399636,TA809,TA901
2018-06-28,0.04796765381335097,TA809,TA901
2018-06-29,0.0726679127275389,TA809,TA901
2018-07-02,0.06123720663665139,TA809,TA901
2018-07-03,0.07430720433722657,TA809,TA901
2018-07-04,0.06502921050711537,TA809,TA901
2018-07-05,0.06725579136951677,TA809,TA901
2018-07-06,0.06292133691481253,TA809,TA901
2018-07-09,0.07915484016745679,TA809,TA901
2018-07-10,0.074735139298178,TA809,TA901
2018-07-11,0.083381589603685,TA809,TA901
2018-07-12,0.07410325299229047,TA809,TA901
2018-07-13,0.05565257498694864,TA809,TA901
2018-07-16,0.06158273030336257,TA809,TA901
2018-07-17,0.055786731478033716,TA809,TA901
2018-07-18,0.060879131253920776,TA809,TA901
2018-07-19,0.07231720053759962,TA809,TA901
2018-07-20,0.06762271168200744,TA809,TA901
2018-07-23,0.0665349851897174,TA809,TA901
2018-07-24,0.08011024873752684,TA809,TA901
2018-07-25,0.07119648575609965,TA809,TA901
2018-07-26,0.051065062708291906,TA809,TA901
2018-07-27,0.05759083640041137,TA809,TA901
2018-07-30,0.06681790682736953,TA809,TA901
2018-07-31,0.06328134917939879,TA809,TA901
2018-08-01,0.0910597886038812,TA809,TA901
2018-08-02,0.14024693872221844,TA809,TA901
2018-08-03,0.18787026960441483,TA809,TA901
2018-08-06,0.22467562810498032,TA809,TA901
2018-08-07,0.15228079688835416,TA809,TA901
2018-08-08,0.06810536951492605,TA809,TA901
2018-08-09,0.11484236414650612,TA809,TA901
2018-08-10,0.15291566161714792,TA809,TA901
2018-08-13,0.1845579762002063,TA809,TA901
2018-08-14,0.21461293120775402,TA809,TA901
2018-08-15,0.18957143211101393,TA809,TA901
2018-08-16,0.23793429280886913,TA809,TA901
2018-08-17,0.3363145342291159,TA809,TA901
2018-08-20,0.45405586568104894,TA811,TA901
2018-08-21,0.3880232583204057,TA811,TA901
2018-08-22,0.4145838280554831,TA811,TA901
2018-08-23,0.37923448225747475,TA811,TA901
2018-08-24,0.3650722968721043,TA811,TA901
2018-08-27,0.5060585495888144,TA811,TA901
2018-08-28,0.5162603028975385,TA811,TA901
2018-08-29,0.4624423412453408,TA811,TA901
2018-08-30,0.461822691108606,TA811,TA901
2018-08-31,0.46979232333811055,TA811,TA901
2018-09-03,0.6024450507810197,TA811,TA901
2018-09-04,0.5722820477562762,TA811,TA901
2018-09-05,0.6088439818112723,TA811,TA901
2018-09-06,0.6309252148420922,TA811,TA901
2018-09-07,0.61402012615787,TA811,TA901
2018-09-10,0.5786017058514302,TA811,TA901
2018-09-11,0.4946504952480151,TA811,TA901
2018-09-12,0.5556001193496373,TA811,TA901
2018-09-13,0.5615000202018159,TA811,TA901
2018-09-14,0.558906130688026,TA811,TA901
2018-09-17,0.444647832922331,TA811,TA901
2018-09-18,0.290601905194375,TA811,TA901
2018-09-19,0.2411148536010828,TA811,TA901
2018-09-20,0.2741842281409055,TA811,TA901
2018-09-21,0.10064368762400641,TA901,TA905
2018-09-25,0.09055357173368288,TA901,TA905
2018-09-26,0.09465045395085406,TA901,TA905
2018-09-27,0.10882462646854549,TA901,TA905
2018-09-28,0.09247019524748232,TA901,TA905
2018-10-08,0.097684990152558,TA901,TA905
2018-10-09,0.08926814951568623,TA901,TA905
2018-10-10,0.09514369013753218,TA901,TA905
2018-10-11,0.08419024091536079,TA901,TA905
2018-10-12,0.08446642409382538,TA901,TA905
2018-10-15,0.07796909919329535,TA901,TA905
2018-10-16,0.062389604669065665,TA901,TA905
2018-10-17,0.053542971721931495,TA901,TA905
2018-10-18,0.04128505521804447,TA901,TA905
2018-10-19,0.028468941175972755,TA901,TA905
2018-10-22,0.03388884696764624,TA901,TA905
2018-10-23,0.039046104336211085,TA901,TA905
2018-10-24,0.0647822079234895,TA901,TA905
2018-10-25,0.054555088113109725,TA901,TA905
2018-10-26,0.05093197535416701,TA901,TA905
2018-10-29,0.05498335724134833,TA901,TA905
2018-10-30,0.05306793442921751,TA901,TA905
2018-10-31,0.07937663220135793,TA901,TA905
2018-11-01,0.0805239316254516,TA901,TA905
2018-11-02,0.08557853959845801,TA901,TA905
2018-11-05,0.1053687776199462,TA901,TA905
2018-11-06,0.08793498554450087,TA901,TA905
2018-11-07,0.10501304449191694,TA901,TA905
2018-11-08,0.11031677027953851,TA901,TA905
2018-11-09,0.10824703681197424,TA901,TA905
2018-11-12,0.09163137112092155,TA901,TA905
2018-11-13,0.09781956470059194,TA901,TA905
2018-11-14,0.08674154693489369,TA901,TA905
2018-11-15,0.0850182840143794,TA901,TA905
2018-11-16,0.08806441068678382,TA901,TA905
2018-11-19,0.11726058434580508,TA901,TA905
2018-11-20,0.13140786797517867,TA901,TA905
2018-11-21,0.09060600987852258,TA901,TA905
2018-11-22,0.08290001165255412,TA901,TA905
2018-11-23,0.0686205497088353,TA901,TA905
2018-11-26,0.047805724254084116,TA901,TA905
2018-11-27,0.06727899696832566,TA901,TA905
2018-11-28,0.07457555656114026,TA901,TA905
2018-11-29,0.09456807411592928,TA901,TA905
2018-11-30,0.0929680321501196,TA901,TA905
2018-12-03,0.11178938065129085,TA901,TA905
2018-12-04,0.12274662529506843,TA901,TA905
2018-12-05,0.16055754662633015,TA901,TA905
2018-12-06,0.15712403008800163,TA901,TA905
2018-12-07,0.15969116139650003,TA901,TA905
2018-12-10,0.20051583819119045,TA901,TA905
2018-12-11,0.18356405559182948,TA901,TA905
2018-12-12,0.18071417623156974,TA901,TA905
2018-12-13,0.1779290917053774,TA901,TA905
2018-12-14,0.1305787951496728,TA901,TA905
2018-12-17,0.14187707131946659,TA901,TA905
2018-12-18,0.1377167288743354,TA901,TA905
2018-12-19,0.13677582396701693,TA901,TA905
2018-12-20,0.13693137941142397,TA901,TA905
2018-12-21,0.13738396556890028,TA901,TA905
2018-12-24,0.05457339290691069,TA903,TA905
2018-12-25,0.06434934539266439,TA903,TA905
2018-12-26,0.06213379654265483,TA903,TA905
2018-12-27,0.062155251966568105,TA903,TA905
2018-12-28,0.05928065159824211,TA903,TA905
2019-01-02,0.0662046225818054,TA903,TA905
2019-01-03,0.06736912882494848,TA903,TA905
2019-01-04,0.07359547125720714,TA903,TA905
2019-01-07,0.09577381139718102,TA903,TA905
2019-01-08,0.08907046162651748,TA903,TA905
2019-01-09,0.09736925059216053,TA903,TA905
2019-01-10,0.1207363846635712,TA903,TA905
2019-01-11,0.09847817784798087,TA905,TA907
2019-01-14,0.10033678637676015,TA905,TA907
2019-01-15,0.1108576570054394,TA905,TA907
2019-01-16,0.09724042834516688,TA905,TA907
2019-01-17,0.09568309085605112,TA905,TA907
2019-01-18,0.1048269910817811,TA905,TA909
2019-01-21,0.1268264494447149,TA905,TA909
2019-01-22,0.10847994424333138,TA905,TA909
2019-01-23,0.10824791150219956,TA905,TA907
2019-01-24,0.11698509987523022,TA905,TA909
2019-01-25,0.10858777839441877,TA905,TA909
2019-01-28,0.10962758231022271,TA905,TA909
2019-01-29,0.11289597446878005,TA905,TA909
2019-01-30,0.11982575353504794,TA905,TA909
2019-01-31,0.13740025069614617,TA905,TA909
2019-02-01,0.13594558863612746,TA905,TA909
2019-02-11,0.13455169849605536,TA905,TA909
2019-02-12,0.1286567746142667,TA905,TA909
2019-02-13,0.1033440783765851,TA905,TA909
2019-02-14,0.102509181836017,TA905,TA909
2019-02-15,0.10604511164003141,TA905,TA909
2019-02-18,0.10352344606537889,TA905,TA909
2019-02-19,0.11044191936814896,TA905,TA909
2019-02-20,0.10411139402495795,TA905,TA909
2019-02-21,0.10266266237990816,TA905,TA909
2019-02-22,0.08764562407807236,TA905,TA909
2019-02-25,0.08570666076659748,TA905,TA909
2019-02-26,0.10193074469862135,TA905,TA909
2019-02-27,0.09619291521355378,TA905,TA909
2019-02-28,0.09136785681323095,TA905,TA909
2019-03-01,0.11318596606023623,TA905,TA909
2019-03-04,0.09964015496120969,TA905,TA909
2019-03-05,0.12272970823237808,TA905,TA909
2019-03-06,0.13896838927530786,TA905,TA909
2019-03-07,0.15754535456901195,TA905,TA909
2019-03-08,0.18551022953089172,TA905,TA909
2019-03-11,0.20314873002729317,TA905,TA909
2019-03-12,0.18659348506236798,TA905,TA909
2019-03-13,0.16471013217024938,TA905,TA909
2019-03-14,0.16409970000522392,TA905,TA909
2019-03-15,0.19865868012502358,TA905,TA909
2019-03-18,0.1776479677394162,TA905,TA909
2019-03-19,0.16717144095498615,TA905,TA909
2019-03-20,0.17554568496758996,TA905,TA909
2019-03-21,0.18807911355683343,TA905,TA909
2019-03-22,0.18376065796432864,TA905,TA909
2019-03-25,0.21625718031886226,TA905,TA909
2019-03-26,0.21762098400407665,TA905,TA909
2019-03-27,0.21069881109338323,TA905,TA909
2019-03-28,0.23808800053464257,TA905,TA909
2019-03-29,0.2711147856152807,TA905,TA909
2019-04-01,0.24448775513129417,TA905,TA909
2019-04-02,0.21271794395365273,TA905,TA909
2019-04-03,0.1918638846708669,TA905,TA909
2019-04-04,0.20992895070913276,TA905,TA909
2019-04-08,0.16890013406559773,TA905,TA909
2019-04-09,0.14773941792561507,TA905,TA909
2019-04-10,0.10841713984761941,TA905,TA909
2019-04-11,0.11293914163910583,TA905,TA909
2019-04-12,0.11936809765539434,TA905,TA909
2019-04-15,0.11977453347216731,TA905,TA909
2019-04-16,0.13775336211656047,TA905,TA909
2019-04-17,0.15863952242852858,TA905,TA909
2019-04-18,-0.006616685680911132,TA001,TA909
2019-04-19,-0.005554892000020614,TA001,TA909
2019-04-22,-0.005939059366897143,TA001,TA909
2019-04-23,-0.006131284064404915,TA001,TA909
2019-04-24,-0.006448889792783593,TA001,TA909
2019-04-25,-0.00590283491985541,TA001,TA909
2019-04-26,-0.006004901566215564,TA001,TA909
2019-04-29,-0.006479937673942362,TA001,TA909
2019-04-30,-0.006598110814689316,TA001,TA909
2019-05-06,-0.00638659776920752,TA001,TA909
2019-05-07,-0.006943980024497408,TA001,TA909
2019-05-08,-0.007323283362608189,TA001,TA909
2019-05-09,-0.007358451908200021,TA001,TA909
2019-05-10,-0.006749019503627687,TA001,TA909
2019-05-13,-0.006585631582929367,TA001,TA909
2019-05-14,-0.005267040165766766,TA001,TA909
2019-05-15,-0.00509363316739135,TA001,TA909
2019-05-16,-0.005010489826029779,TA001,TA909
2019-05-17,-0.004715107270641826,TA001,TA909
2019-05-20,-0.00400543723379556,TA001,TA909
2019-05-21,-0.0037703982255101226,TA001,TA909
2019-05-22,-0.003501894851485261,TA001,TA909
2019-05-23,-0.0025775535790897816,TA001,TA909
2019-05-24,-0.0027261195760600538,TA001,TA909
2019-05-27,-0.003996436366765427,TA001,TA909
2019-05-28,-0.004145458421302465,TA001,TA909
2019-05-29,-0.004023925648224077,TA001,TA909
2019-05-30,-0.004025124330416275,TA001,TA909
2019-05-31,-0.0038997114409400754,TA001,TA909
2019-06-03,-0.003940976370461998,TA001,TA909
2019-06-04,-0.00377842496714196,TA001,TA909
2019-06-05,-0.003673105702438941,TA001,TA909
2019-06-06,-0.003927333823506628,TA001,TA909
2019-06-10,-0.0049384227122718834,TA001,TA909
2019-06-11,-0.004799389121266241,TA001,TA909
2019-06-12,-0.003716126071269797,TA001,TA909
2019-06-13,-0.004657882770677429,TA001,TA909
2019-06-14,-0.005063071305807116,TA001,TA909
2019-06-17,-0.005677489252521095,TA001,TA909
2019-06-18,-0.007115366768836298,TA001,TA909
2019-06-19,-0.007423930614368173,TA001,TA909
2019-06-20,-0.008077927228313672,TA001,TA909
2019-06-21,-0.007677841949823591,TA001,TA909
2019-06-24,-0.00883932994801134,TA001,TA909
2019-06-25,-0.008729040536755014,TA001,TA909
2019-06-26,-0.010594655733938228,TA001,TA909
2019-06-27,-0.01070855354195756,TA001,TA909
2019-06-28,-0.01132739929452066,TA001,TA909
2019-07-01,-0.013696184229054421,TA001,TA909
2019-07-02,-0.014734448304084621,TA001,TA909
2019-07-03,-0.014193219466912241,TA001,TA909
2019-07-04,-0.013414947238813719,TA001,TA909
2019-07-05,-0.010645981068193812,TA001,TA909
2019-07-08,-0.010976795036563911,TA001,TA909
2019-07-09,-0.0110404936913421,TA001,TA909
2019-07-10,-0.013755654351912177,TA001,TA909
2019-07-11,-0.013301956384912217,TA001,TA909
2019-07-12,-0.01163069607080604,TA001,TA909
2019-07-15,-0.011058751154192054,TA001,TA909
2019-07-16,-0.01087985066862016,TA001,TA909
2019-07-17,-0.010560590871724708,TA001,TA909
2019-07-18,-0.012829152267842099,TA001,TA909
2019-07-19,-0.010973901216051157,TA001,TA909
2019-07-22,-0.006839204557004955,TA001,TA909
2019-07-23,-0.006877074409179082,TA001,TA909
2019-07-24,-0.004577584856342561,TA001,TA909
2019-07-25,-0.003430846165484605,TA001,TA909
2019-07-26,-0.0034765954637730103,TA001,TA909
2019-07-29,-0.002663368811639409,TA001,TA909
2019-07-30,-0.0034113380939622276,TA001,TA909
2019-07-31,-0.003660200363391275,TA001,TA909
2019-08-01,-0.002769186115126996,TA001,TA909
2019-08-02,-0.0019485356079699714,TA001,TA909
2019-08-05,-0.0008457955595748363,TA001,TA909
2019-08-06,0.00028182073512025114,TA001,TA909
2019-08-07,-0.00040267966712186174,TA001,TA909
2019-08-08,-0.00028061940518559695,TA001,TA909
2019-08-09,-0.000959341736413367,TA001,TA909
2019-08-12,-0.0011964081988327952,TA001,TA909
2019-08-13,-0.0015538450266956122,TA001,TA909
2019-08-14,-0.002299378248191209,TA001,TA909
2019-08-15,-0.002253691931545715,TA001,TA909
2019-08-16,-0.0013077336009466236,TA001,TA909
2019-08-19,-0.001413893661585914,TA001,TA909
2019-08-20,-0.0012331478449998817,TA001,TA911
2019-08-21,-0.0016039922922506302,TA001,TA911
2019-08-22,-0.0014689741518857779,TA001,TA911
2019-08-23,-0.001374541889083908,TA001,TA911
2019-08-26,-0.0012697150069716316,TA001,TA911
2019-08-27,-0.0016587499557453504,TA001,TA911
2019-08-28,-0.0013756043693086539,TA001,TA911
2019-08-29,-0.001511924084598787,TA001,TA911
2019-08-30,-0.0012677364360029612,TA001,TA911
2019-09-02,-0.001387400990215574,TA001,TA911
2019-09-03,-0.001538769104131576,TA001,TA911
2019-09-04,-0.0014949618460554062,TA001,TA911
2019-09-05,-0.0014436121428745418,TA001,TA911
2019-09-06,-0.0013247800827330945,TA001,TA911
2019-09-09,-0.0010438269601455298,TA001,TA911
2019-09-10,-0.0007029630427752794,TA001,TA911
2019-09-11,-0.0006333685884243868,TA001,TA911
2019-09-12,-0.0001992846321731252,TA001,TA911
2019-09-16,-0.0003082834198806511,TA001,TA911
2019-09-17,-0.00011322500548462618,TA001,TA911
2019-09-18,3.8837088596605334e-05,TA001,TA911
2019-09-19,0.0003180453421215211,TA001,TA911
2019-09-20,0.0003963173965794186,TA001,TA911
2019-09-23,0.0006702150869391562,TA001,TA911
2019-09-24,0.0003967812885827559,TA001,TA911
2019-09-25,0.0003564771857734459,TA001,TA911
2019-09-26,0.0004363744038402298,TA001,TA911
2019-09-27,0.0004399786874005517,TA001,TA911
2019-09-30,0.01764365015000515,TA001,TA005
2019-10-08,0.01764365015000515,TA001,TA005
2019-10-09,0.03263435444154905,TA001,TA005
2019-10-10,0.026906009948281125,TA001,TA005
2019-10-11,0.018875406349583602,TA001,TA005
2019-10-14,0.01409556234466245,TA001,TA005
2019-10-15,-0.0047827829978750345,TA001,TA005
2019-10-16,-0.011961738335453966,TA001,TA005
2019-10-17,-0.004817343467897854,TA001,TA005
2019-10-18,-0.004832864516784082,TA001,TA005
2019-10-21,-0.01972069549996332,TA001,TA005
2019-10-22,-0.017220219483179942,TA001,TA005
2019-10-23,-0.0122699557545752,TA001,TA005
2019-10-24,0.006069190821760953,TA001,TA005
2019-10-25,-0.0024410090850401204,TA001,TA005
2019-10-28,-0.017384154604962954,TA001,TA005
2019-10-29,-0.017312496520486303,TA001,TA005
2019-10-30,-0.004958678814898783,TA001,TA005
2019-10-31,-0.003715170753439867,TA001,TA005
2019-11-01,-0.01238647506935519,TA001,TA005
2019-11-04,-0.011154732950633697,TA001,TA005
2019-11-05,-0.018491942666893704,TA001,TA005
2019-11-06,-0.03113999310815577,TA001,TA005
2019-11-07,-0.038872017205553444,TA001,TA005
2019-11-08,-0.04167610698854177,TA001,TA005
2019-11-11,-0.04329446955475366,TA001,TA005
2019-11-12,-0.05074116732618551,TA001,TA005
2019-11-13,-0.0445584257563032,TA001,TA005
2019-11-14,-0.04555127579534134,TA001,TA005
2019-11-15,-0.03565406991454234,TA001,TA005
2019-11-18,-0.025115257610210516,TA001,TA005
2019-11-19,-0.026431889046464718,TA001,TA005
2019-11-20,-0.030392830652195234,TA001,TA005
2019-11-21,-0.013781607030682423,TA001,TA005
2019-11-22,-0.007525087557618324,TA001,TA005
2019-11-25,-0.0024948026385779635,TA001,TA005
2019-11-26,-0.01885612744488221,TA001,TA005
2019-11-27,-0.028937108398728907,TA001,TA005
2019-11-28,-0.03157259197675433,TA001,TA005
2019-11-29,-0.02878019987102976,TA001,TA005
2019-12-02,-0.021406176866133997,TA001,TA005
2019-12-03,-0.026398661855546523,TA001,TA005
2019-12-04,-0.04898580680977882,TA001,TA005
2019-12-05,-0.035898922279036335,TA001,TA005
2019-12-06,-0.04595411733926457,TA001,TA005
2019-12-09,-0.048159091402401016,TA001,TA005
2019-12-10,-0.05493287065416225,TA001,TA005
2019-12-11,-0.044851333735317356,TA001,TA005
2019-12-12,-0.055318100837399825,TA001,TA005
2019-12-13,-0.04552066011134116,TA001,TA005
2019-12-16,-0.04615475651843837,TA001,TA005
2019-12-17,-0.04636123170552076,TA001,TA005
2019-12-18,-0.04516870676569942,TA001,TA005
2019-12-19,-0.04307766323366663,TA001,TA005
2019-12-20,-0.04420874105841684,TA001,TA005
2019-12-23,-0.04459206789644818,TA001,TA005
2019-12-24,-0.04749439565004188,TA001,TA005
2019-12-25,-0.0450953037038621,TA001,TA005
2019-12-26,-0.060692405023061176,TA003,TA005
2019-12-27,-0.06463258189146642,TA003,TA005
2019-12-30,-0.059630783009842946,TA003,TA005
2019-12-31,-0.05333368450347624,TA003,TA005
2020-01-02,-0.0487015660894588,TA003,TA005
2020-01-03,-0.04566414991565341,TA003,TA005
2020-01-06,-0.052009781927527074,TA003,TA005
2020-01-07,-0.04813503554164593,TA003,TA005
2020-01-08,-0.047885329986077266,TA003,TA005
2020-01-09,-0.01705934734967592,TA005,TA009
2020-01-10,-0.009744222939492316,TA005,TA009
2020-01-13,-0.00487013093967231,TA005,TA009
2020-01-14,-0.00981194660436812,TA005,TA009
2020-01-15,-0.00737403075080758,TA005,TA009
2020-01-16,-0.003671222159149946,TA005,TA009
2020-01-17,-0.0,TA005,TA009
2020-01-20,0.0024370431884460962,TA005,TA009
2020-01-21,0.00494030576856583,TA005,TA009
2020-01-22,0.00865088138075493,TA005,TA009
2020-01-23,-0.01746366677884966,TA005,TA009
2020-02-03,-0.008042900259773228,TA005,TA009
2020-02-04,-0.06799928469271056,TA005,TA009
2020-02-05,-0.07144799611445918,TA005,TA009
2020-02-06,-0.07886397549373589,TA005,TA009
2020-02-07,-0.07740642939343709,TA005,TA009
2020-02-10,-0.07229265473718158,TA005,TA009
2020-02-11,-0.07450493781728375,TA005,TA009
2020-02-12,-0.07467052142265639,TA005,TA009
2020-02-13,-0.0732230713466938,TA005,TA009
2020-02-14,-0.071494998777449,TA005,TA009
2020-02-17,-0.0671817316833129,TA005,TA009
2020-02-18,-0.07427435075741799,TA005,TA009
2020-02-19,-0.07009355658762115,TA005,TA009
2020-02-20,-0.0655334052916448,TA005,TA009
2020-02-21,-0.053514579745212745,TA005,TA009
2020-02-24,-0.06732955867011561,TA005,TA009
2020-02-25,-0.06488886824207471,TA005,TA009
2020-02-26,-0.07005257671734853,TA005,TA009
2020-02-27,-0.07387514191616758,TA005,TA009
2020-02-28,-0.07387132812817979,TA005,TA009
2020-03-02,-0.07029956404468536,TA005,TA009
2020-03-03,-0.06959602534213022,TA005,TA009
2020-03-04,-0.06656374492608641,TA005,TA009
2020-03-05,-0.0764372559029549,TA005,TA009
2020-03-06,-0.07465823073309955,TA005,TA009
2020-03-09,-0.07554878656253537,TA005,TA009
2020-03-10,-0.09319386644591512,TA005,TA009
2020-03-11,-0.08848429464933859,TA005,TA009
2020-03-12,-0.09189079784472962,TA005,TA009
2020-03-13,-0.09203175674114111,TA005,TA009
2020-03-16,-0.09105879573614656,TA005,TA009
2020-03-17,-0.1009441023546982,TA005,TA009
2020-03-18,-0.10550537841799601,TA005,TA009
2020-03-19,-0.10083546771109836,TA005,TA009
2020-03-20,-0.1066186610397595,TA005,TA009
2020-03-23,-0.11446475149093147,TA005,TA009
2020-03-24,-0.1164852208944361,TA005,TA009
2020-03-25,-0.12026007494728123,TA005,TA009
2020-03-26,-0.11428278991458704,TA005,TA009
2020-03-27,-0.12144515376212997,TA005,TA009
2020-03-30,-0.12200617821079626,TA005,TA009
2020-03-31,-0.10970143625525808,TA005,TA009
2020-04-01,-0.1176621394598438,TA005,TA009
2020-04-02,-0.10164419492567048,TA005,TA009
2020-04-03,-0.0968678224025428,TA005,TA009
2020-04-07,-0.09888145754778174,TA005,TA009
2020-04-08,-0.10447950836429759,TA005,TA009
2020-04-09,-0.09675520352358563,TA005,TA009
2020-04-10,-0.100663410150507,TA005,TA009
2020-04-13,-0.09779678544728507,TA005,TA009
2020-04-14,-0.10205654054735817,TA005,TA009
2020-04-15,-0.1041168691968784,TA005,TA009
2020-04-16,-0.10391411599855623,TA005,TA009
2020-04-17,-0.10434296667773786,TA005,TA009
2020-04-20,-0.12232530030908073,TA009,TA101
2020-04-21,-0.13626641974177273,TA009,TA101
2020-04-22,-0.1405189729157198,TA009,TA101
2020-04-23,-0.1371868556572008,TA009,TA101
2020-04-24,-0.13882418164609328,TA009,TA101
2020-04-27,-0.14637049250829612,TA009,TA101
2020-04-28,-0.14464882818557778,TA009,TA101
2020-04-29,-0.14012348009254919,TA009,TA101
2020-04-30,-0.135567817853606,TA009,TA101
2020-05-06,-0.12424831115015081,TA009,TA101
2020-05-07,-0.13089324407821362,TA009,TA101
2020-05-08,-0.1257518546450096,TA009,TA101
2020-05-11,-0.11971242669007863,TA009,TA101
2020-05-12,-0.12392143633907896,TA009,TA101
2020-05-13,-0.12782393551090798,TA009,TA101
2020-05-14,-0.12177545530360236,TA009,TA101
2020-05-15,-0.10712481165570129,TA009,TA101
2020-05-18,-0.1030354746119155,TA009,TA101
2020-05-19,-0.1076787691818196,TA009,TA101
2020-05-20,-0.0950449079403462,TA009,TA101
2020-05-21,-0.10633220961883785,TA009,TA101
2020-05-22,-0.12573268684691086,TA009,TA101
2020-05-25,-0.11639390862294788,TA009,TA101
2020-05-26,-0.1129773093352405,TA009,TA101
2020-05-27,-0.11708803171720589,TA009,TA101
2020-05-28,-0.11437626837559914,TA009,TA101
2020-05-29,-0.11759807180439721,TA009,TA101
2020-06-01,-0.09716803718261967,TA009,TA101
2020-06-02,-0.0989451385594446,TA009,TA101
2020-06-03,-0.09629871773964666,TA009,TA101
2020-06-04,-0.10442821399758345,TA009,TA101
2020-06-05,-0.10516212137530628,TA009,TA101
2020-06-08,-0.10165163228912497,TA009,TA101
2020-06-09,-0.11007524080005504,TA009,TA101
2020-06-10,-0.11220691623495338,TA009,TA101
2020-06-11,-0.11960127567348217,TA009,TA101
2020-06-12,-0.12488462685474658,TA009,TA101
2020-06-15,-0.12609614736106667,TA009,TA101
2020-06-16,-0.12090713707206698,TA009,TA101
2020-06-17,-0.12350028800128127,TA009,TA101
2020-06-18,-0.12227148779098011,TA009,TA101
2020-06-19,-0.1150653255469536,TA009,TA101
2020-06-22,-0.12666789126704026,TA009,TA101
2020-06-23,-0.1222067930988133,TA009,TA101
2020-06-24,-0.11903174665539315,TA009,TA101
2020-06-29,-0.12974995138145023,TA009,TA101
2020-06-30,-0.12733579400557685,TA009,TA101
2020-07-01,-0.1289827882824638,TA009,TA101
2020-07-02,-0.12685861085209865,TA009,TA101
2020-07-03,-0.12174655125480702,TA009,TA101
2020-07-06,-0.12103552340232115,TA009,TA101
2020-07-07,-0.13126587518523072,TA009,TA101
2020-07-08,-0.12919111329734692,TA009,TA101
2020-07-09,-0.13277936142929647,TA009,TA101
2020-07-10,-0.15497951240254407,TA009,TA101
2020-07-13,-0.1435056188224904,TA009,TA101
2020-07-14,-0.13675726411846506,TA009,TA101
2020-07-15,-0.1334276300363815,TA009,TA101
2020-07-16,-0.1390273291548994,TA009,TA101
2020-07-17,-0.13848612528948723,TA009,TA101
2020-07-20,-0.1530265194817447,TA009,TA101
2020-07-21,-0.1504032932231275,TA009,TA101
2020-07-22,-0.14701537643167345,TA009,TA101
2020-07-23,-0.1478941289532841,TA009,TA101
2020-07-24,-0.13787984523656396,TA009,TA101
2020-07-27,-0.14532285170412867,TA009,TA101
2020-07-28,-0.14276688847139385,TA009,TA101
2020-07-29,-0.13956004690467871,TA009,TA101
2020-07-30,-0.13408226084228536,TA009,TA101
2020-07-31,-0.1336451287832067,TA009,TA101
2020-08-03,-0.1369498156577865,TA009,TA101
2020-08-04,-0.13131198916598547,TA009,TA101
2020-08-05,-0.12505193339432277,TA009,TA101
2020-08-06,-0.1181701189725507,TA009,TA101
2020-08-07,-0.11370456243034571,TA009,TA101
2020-08-10,-0.12168156729273252,TA009,TA101
2020-08-11,-0.1284992999824094,TA009,TA101
2020-08-12,-0.13956004690467844,TA009,TA101
2020-08-13,-0.14031921384954008,TA009,TA101
2020-08-14,-0.1417586545516365,TA009,TA101
2020-08-17,-0.14493999101095387,TA009,TA101
2020-08-18,-0.14206736004686682,TA009,TA101
2020-08-19,-0.1426888230229325,TA009,TA101
2020-08-20,-0.1417067375150598,TA009,TA101
2020-08-21,-0.14862698001595834,TA009,TA101
2020-08-24,-0.15143093790273462,TA009,TA101
2020-08-25,-0.1543009653445487,TA009,TA101
2020-08-26,-0.15892331388256337,TA009,TA101
2020-08-27,-0.08691679825194398,TA101,TA105
2020-08-28,-0.09098861830420271,TA101,TA105
2020-08-31,-0.08522403711637036,TA101,TA105
2020-09-01,-0.08824165561888023,TA101,TA105
2020-09-02,-0.08407400234458853,TA101,TA105
2020-09-03,-0.08393263193930646,TA101,TA105
2020-09-04,-0.08737710566566531,TA101,TA105
2020-09-07,-0.08415476378765191,TA101,TA105
2020-09-08,-0.07916026551958509,TA101,TA105
2020-09-09,-0.08460430533362465,TA101,TA105
2020-09-10,-0.08757378572353705,TA101,TA105
2020-09-11,-0.08677276123353983,TA101,TA105
2020-09-14,-0.08955888944904339,TA101,TA105
2020-09-15,-0.08752646740179441,TA101,TA105
2020-09-16,-0.08086742996558488,TA101,TA105
2020-09-17,-0.08644251195731444,TA101,TA105
2020-09-18,-0.08428431170975087,TA101,TA105
2020-09-21,-0.09039303376138279,TA101,TA105
2020-09-22,-0.0907909729194808,TA101,TA105
2020-09-23,-0.09226335199509714,TA101,TA105
2020-09-24,-0.09010688470127524,TA101,TA105
2020-09-25,-0.09380998836075577,TA101,TA105
2020-09-28,-0.09725048300281025,TA101,TA105
2020-09-29,-0.09546259983323693,TA101,TA105
2020-09-30,-0.10006678110264974,TA101,TA105
2020-10-09,-0.09926747042134851,TA101,TA105
2020-10-12,-0.09335972614141341,TA101,TA105
2020-10-13,-0.09335972614141341,TA101,TA105
2020-10-14,-0.07023732187422978,TA101,TA105
2020-10-15,-0.07105812778915274,TA101,TA105
2020-10-16,-0.06896855467409635,TA101,TA105
2020-10-19,-0.08057486250860646,TA101,TA105
2020-10-20,-0.07379437384168855,TA101,TA105
2020-10-21,-0.07983093903335385,TA101,TA105
2020-10-22,-0.08414079153421894,TA101,TA105
2020-10-23,-0.09015703519920551,TA101,TA105
2020-10-26,-0.09481601824599313,TA101,TA105
2020-10-27,-0.09519212209208366,TA101,TA105
2020-10-28,-0.09611806123384997,TA101,TA105
2020-10-29,-0.0997226484648517,TA101,TA105
2020-10-30,-0.10527395943381057,TA101,TA105
2020-11-02,-0.1021225363693177,TA101,TA105
2020-11-03,-0.09951450665081227,TA101,TA105
2020-11-04,-0.1050282289999584,TA101,TA105
2020-11-05,-0.10728199163729477,TA101,TA105
2020-11-06,-0.11308329663640256,TA101,TA105
2020-11-09,-0.1141097411761934,TA101,TA105
2020-11-10,-0.10231323602111783,TA101,TA105
2020-11-11,-0.10466177700132162,TA101,TA105
2020-11-12,-0.10649939958809926,TA101,TA105
2020-11-13,-0.10687261496138241,TA101,TA105
2020-11-16,-0.10815124643415558,TA101,TA105
2020-11-17,-0.10821417528497168,TA101,TA105
2020-11-18,-0.10696935365807875,TA101,TA105
2020-11-19,-0.10822816942142877,TA101,TA105
2020-11-20,-0.10694201619071309,TA101,TA105
2020-11-23,-0.10904096376552722,TA101,TA105
2020-11-24,-0.09814750109807517,TA101,TA105
2020-11-25,-0.10153253304988896,TA101,TA105
2020-11-26,-0.1000941020318478,TA101,TA105
2020-11-27,-0.09953119780055916,TA101,TA105
2020-11-30,-0.10872630832030264,TA101,TA105
2020-12-01,-0.10660147318317093,TA101,TA105
2020-12-02,-0.10696935365807886,TA101,TA105
2020-12-03,-0.10904096376552717,TA101,TA105
2020-12-04,-0.10538954187299934,TA101,TA105
2020-12-07,-0.1053308298545585,TA101,TA105
2020-12-08,-0.10504355353530609,TA101,TA105
2020-12-09,-0.10783577304288759,TA101,TA105
2020-12-10,-0.10825487596987463,TA101,TA105
2020-12-11,-0.10447192761510461,TA101,TA105
2020-12-14,-0.09716803718261949,TA101,TA105
2020-12-15,-0.0979482236899607,TA101,TA105
2020-12-16,-0.09768677304446201,TA101,TA105
2020-12-17,-0.09774905692710698,TA101,TA105
2020-12-18,-0.09863030401232689,TA101,TA105
2020-12-21,-0.08844705769352088,TA105,TA109
2020-12-22,-0.09245965541481978,TA105,TA109
2020-12-23,-0.09101116353557345,TA105,TA109
2020-12-24,-0.09016222636833462,TA105,TA109
2020-12-25,-0.08669333899930887,TA105,TA109
2020-12-28,-0.08937164690747723,TA105,TA109
2020-12-29,-0.08318607770580107,TA105,TA109
2020-12-30,-0.0844685621822674,TA105,TA109
2020-12-31,-0.08211201970735646,TA105,TA109
2021-01-04,-0.0814939445533114,TA105,TA109
2021-01-05,-0.08065410946785617,TA105,TA109
2021-01-06,-0.07792645920978221,TA105,TA109
2021-01-07,-0.06564813374852277,TA105,TA109
2021-01-08,-0.07066077389519305,TA105,TA109
2021-01-11,-0.06977058649280155,TA105,TA109
2021-01-12,-0.06587090975608598,TA105,TA109
2021-01-13,-0.06285248162726387,TA105,TA109
2021-01-14,-0.07055690232276436,TA105,TA109
2021-01-15,-0.06761677706369704,TA105,TA109
2021-01-18,-0.07150288819239606,TA105,TA109
2021-01-19,-0.06711689326359896,TA105,TA109
2021-01-20,-0.0640699791964556,TA105,TA109
2021-01-21,-0.07182387938179148,TA105,TA109
2021-01-22,-0.07460419973404057,TA105,TA109
2021-01-25,-0.06796162770156933,TA105,TA109
2021-01-26,-0.07313719248074409,TA105,TA109
2021-01-27,-0.07222013754455991,TA105,TA109
2021-01-28,-0.07123345521316654,TA105,TA109
2021-01-29,-0.06325313993071446,TA105,TA109
2021-02-01,-0.05480921679052186,TA105,TA109
2021-02-02,-0.047358075044149184,TA105,TA109
2021-02-03,-0.05499430408892993,TA105,TA109
2021-02-04,-0.05719906350653699,TA105,TA109
2021-02-05,-0.05741802063209252,TA105,TA109
2021-02-08,-0.0570630613268521,TA105,TA109
2021-02-09,-0.05839253891855853,TA105,TA109
2021-02-10,-0.06306969025438232,TA105,TA109
2021-02-18,-0.06217123257799513,TA105,TA109
2021-02-19,-0.06083157731745263,TA105,TA109
2021-02-22,-0.05238548149098686,TA105,TA109
2021-02-23,-0.057293407969766494,TA105,TA109
2021-02-24,-0.051692810785086,TA105,TA109
2021-02-25,-0.05359460441330699,TA105,TA109
2021-02-26,-0.04354212865276204,TA105,TA109
2021-03-01,-0.046222026155970104,TA105,TA109
2021-03-02,-0.04943737199602695,TA105,TA109
2021-03-03,-0.054784131086258514,TA105,TA109
2021-03-04,-0.050183456243404125,TA105,TA109
2021-03-05,-0.04794046508012766,TA105,TA109
2021-03-08,-0.05479604393187956,TA105,TA109
2021-03-09,-0.054476205035613144,TA105,TA109
2021-03-10,-0.052151970789193314,TA105,TA109
2021-03-11,-0.053724956207992405,TA105,TA109
2021-03-12,-0.06005422466815906,TA105,TA109
2021-03-15,-0.06137319589186711,TA105,TA109
2021-03-16,-0.06672872966503984,TA105,TA109
2021-03-17,-0.05746801761144252,TA105,TA109
2021-03-18,-0.05215255197014712,TA105,TA109
2021-03-19,-0.056592430412437625,TA105,TA109
2021-03-22,-0.06542740009737964,TA105,TA109
2021-03-23,-0.06270105563270151,TA105,TA109
2021-03-24,-0.05900030088118728,TA105,TA109
2021-03-25,-0.0647556714303835,TA105,TA109
2021-03-26,-0.05765540580248668,TA105,TA109
2021-03-29,-0.05938115594967916,TA105,TA109
2021-03-30,-0.054006859048439826,TA105,TA109
2021-03-31,-0.05964950235660822,TA105,TA109
2021-04-01,-0.05975752126729392,TA105,TA109
2021-04-02,-0.06511883574558919,TA105,TA109
2021-04-06,-0.0736556067667529,TA105,TA109
2021-04-07,-0.07559044554964167,TA105,TA109
2021-04-08,-0.07690999125092798,TA105,TA109
2021-04-09,-0.07340647153803385,TA105,TA109
2021-04-12,-0.07390884748801117,TA105,TA109
2021-04-13,-0.07557754619238143,TA105,TA109
2021-04-14,-0.07685932743070578,TA105,TA109
2021-04-15,-0.07490703398760479,TA105,TA109
2021-04-16,-0.07303371569321312,TA105,TA109
2021-04-19,-0.07433101301072617,TA105,TA109
2021-04-20,-0.0717369791266649,TA105,TA109
2021-04-21,-0.07391772248807259,TA105,TA109
2021-04-22,-0.07819284764869885,TA109,TA201
2021-04-23,-0.06893920376935453,TA109,TA201
2021-04-26,-0.06793710528108585,TA109,TA201
2021-04-27,-0.0412420575547277,TA109,TA201
2021-04-28,-0.02208598932320712,TA109,TA201
2021-04-29,-0.025740709502322042,TA109,TA201
2021-04-30,-0.030985609064433112,TA109,TA201
2021-05-06,-0.023241706459975007,TA109,TA201
2021-05-07,-0.034063626308777545,TA109,TA201
2021-05-10,-0.04258842562784958,TA109,TA201
2021-05-11,-0.05962929227278648,TA109,TA201
2021-05-12,-0.055917340059624177,TA109,TA201
2021-05-13,-0.057096246543502656,TA109,TA201
2021-05-14,-0.07210647544646455,TA109,TA201
2021-05-17,-0.06864706295220052,TA109,TA201
2021-05-18,-0.06093473733814036,TA109,TA201
2021-05-19,-0.05991276240134272,TA109,TA201
2021-05-20,-0.06101905271136835,TA109,TA201
2021-05-21,-0.05958745117882376,TA109,TA201
2021-05-24,-0.058925891011504763,TA109,TA201
2021-05-25,-0.05407817777124921,TA109,TA201
2021-05-26,-0.057936309396559596,TA109,TA201
2021-05-27,-0.06001477007146175,TA109,TA201
2021-05-28,-0.055697802367605576,TA109,TA201
2021-05-31,-0.057573731943355896,TA109,TA201
2021-06-01,-0.05038004941902112,TA109,TA201
2021-06-02,-0.045916097970279,TA109,TA201
2021-06-03,-0.04710840598400145,TA109,TA201
2021-06-04,-0.05525480600156167,TA109,TA201
2021-06-07,-0.06506740284475279,TA109,TA201
2021-06-08,-0.07044080282652734,TA109,TA201
2021-06-09,-0.06955000636697184,TA109,TA201
2021-06-10,-0.08174196616345988,TA109,TA201
2021-06-11,-0.07009079763839421,TA109,TA201
2021-06-15,-0.06618374555891075,TA109,TA201
2021-06-16,-0.058443406715467466,TA109,TA201
2021-06-17,-0.05215413338855087,TA109,TA201
2021-06-18,-0.06772862905198171,TA109,TA201
2021-06-21,-0.07459978247699486,TA109,TA201
2021-06-22,-0.06646797569162592,TA109,TA201
2021-06-23,-0.05132410835381952,TA109,TA201
2021-06-24,-0.03574307570970324,TA109,TA201
2021-06-25,-0.025375007108214956,TA109,TA201
2021-06-28,-0.02415194183150097,TA109,TA201
2021-06-29,-0.02487674669176422,TA109,TA201
2021-06-30,-0.02238376769443079,TA109,TA201
2021-07-01,-0.014195610083500239,TA109,TA201
2021-07-02,-0.004694836638910525,TA109,TA201
2021-07-05,0.053725954824741705,TA109,TA201
2021-07-06,0.04382921186579027,TA109,TA201
2021-07-07,-0.0011743981359608735,TA109,TA201
2021-07-08,-0.03486314530208555,TA109,TA201
2021-07-09,-0.04022142266662093,TA109,TA201
2021-07-12,-0.02948716485690426,TA109,TA201
2021-07-13,0.011605430333760953,TA109,TA201
2021-07-14,0.008081590417384852,TA109,TA201
2021-07-15,-0.0023622048464571914,TA109,TA201
2021-07-16,0.01650298857104242,TA109,TA201
2021-07-19,0.02450898673501703,TA109,TA201
2021-07-20,0.01936271344438391,TA109,TA201
2021-07-21,0.07966106463538421,TA109,TA201
2021-07-22,0.052234476276699054,TA109,TA201
2021-07-23,0.06795307511069043,TA109,TA201
2021-07-26,0.06839201964781906,TA109,TA201
2021-07-27,0.10363528126009419,TA109,TA201
2021-07-28,0.10063125489291823,TA109,TA201
2021-07-29,0.09964015496120969,TA109,TA201
2021-07-30,0.09398225707076492,TA109,TA201
2021-08-02,0.06617915419419665,TA109,TA201
2021-08-03,0.053058767798199055,TA109,TA201
2021-08-04,0.025541520189140715,TA109,TA201
2021-08-05,-0.01504342592906232,TA109,TA201
2021-08-06,0.006654346536064075,TA109,TA201
2021-08-09,0.003420102973497231,TA109,TA201
2021-08-10,0.013569567047755587,TA109,TA201
2021-08-11,0.007941014279299507,TA109,TA201
2021-08-12,0.03849796185635064,TA111,TA201
2021-08-13,0.03408454536353683,TA111,TA201
2021-08-16,0.025596315724490285,TA111,TA201
2021-08-17,0.009269990256484777,TA111,TA201
2021-08-18,0.009408077192210387,TA111,TA201
2021-08-19,-0.004825090730482128,TA111,TA201
2021-08-20,-0.004838709939662807,TA111,TA201
2021-08-23,-0.021840266784486764,TA111,TA201
2021-08-24,-0.011992808310220652,TA111,TA201
2021-08-25,-0.0023928215671076064,TA111,TA201
2021-08-26,0.002407221697284205,TA111,TA201
2021-08-27,-0.011911856205532402,TA111,TA201
2021-08-30,-0.019300378524083152,TA111,TA201
2021-08-31,-0.017062778104862023,TA111,TA201
2021-09-01,-0.024380366743538898,TA111,TA201
2021-09-02,-0.024885975120488235,TA111,TA201
2021-09-03,-0.017048925617688997,TA111,TA201
2021-09-06,-0.01713937096911075,TA111,TA201
2021-09-07,-0.02201837333377441,TA111,TA201
2021-09-08,-0.025220718093761904,TA111,TA201
2021-09-09,-0.027655611501957257,TA111,TA201
2021-09-10,-0.017643364950278663,TA111,TA201
2021-09-13,-0.019761236471634067,TA111,TA201
2021-09-14,-0.0072830273963598625,TA111,TA201
2021-09-15,-0.009646304328581115,TA111,TA201
2021-09-16,-0.014475278432303269,TA111,TA201
2021-09-17,-0.029138058075414246,TA111,TA201
2021-09-22,-0.01718143943553973,TA111,TA201
2021-09-23,-0.031281402317324604,TA111,TA201
2021-09-24,-0.027982950061226024,TA111,TA201
2021-09-27,-0.030075250941265716,TA111,TA201
2021-09-28,-0.03671139560023155,TA111,TA201
2021-09-29,-0.052009781927527074,TA111,TA201
2021-09-30,-0.05925388864441533,TA111,TA201
2021-10-08,-0.0555868344928958,TA111,TA201
2021-10-11,-0.034383977679436725,TA112,TA201
2021-10-12,-0.07517990316995382,TA112,TA201
2021-10-13,-0.05353168728750274,TA112,TA201
2021-10-14,-0.053631374187564376,TA112,TA201
2021-10-15,-0.043399685642262605,TA112,TA201
2021-10-18,-0.030210409770128364,TA112,TA201
2021-10-19,-0.0,TA201,TA202
2021-10-20,0.017660047337475008,TA201,TA202
2021-10-21,0.008888889295330958,TA201,TA202
2021-10-22,0.03991872097357158,TA201,TA202
2021-10-25,0.017634095752319938,TA201,TA202
2021-10-26,0.021998172979931525,TA201,TA202
2021-10-27,-0.0,TA201,TA202
2021-10-28,-0.004610951065378143,TA201,TA202
2021-10-29,-0.013956194633772937,TA201,TA202
2021-11-01,-0.013902299295826166,TA201,TA202
2021-11-02,-0.004598582160129112,TA201,TA202
2021-11-03,-0.0,TA201,TA202
2021-11-04,-0.05266316052564174,TA201,TA202
2021-11-05,-0.0626381667168463,TA201,TA202
2021-11-08,-0.06534438550286566,TA201,TA202
2021-11-09,-0.06598602644166351,TA201,TA202
2021-11-10,-0.05087693109642893,TA201,TA202
2021-11-11,-0.05253739735198893,TA201,TA202
2021-11-12,-0.05748513987159287,TA201,TA202
2021-11-15,-0.05073515231139272,TA201,TA203
2021-11-16,-0.04769500472653727,TA201,TA203
2021-11-17,-0.052800340739957784,TA201,TA203
2021-11-18,-0.051905576026402875,TA201,TA203
2021-11-19,-0.05318326520968686,TA201,TA203
2021-11-22,-0.06654412016494883,TA201,TA203
2021-11-23,-0.06690137452787043,TA201,TA203
2021-11-24,-0.06565415052566537,TA201,TA203
2021-11-25,-0.06018104615962351,TA201,TA203
2021-11-26,-0.06965252349921586,TA201,TA203
2021-11-29,-0.06787909639769882,TA201,TA205
2021-11-30,-0.07109655336521638,TA201,TA205
2021-12-01,-0.07136900450666953,TA201,TA205
2021-12-02,-0.0721317027598476,TA201,TA205
2021-12-03,-0.06918266669555737,TA201,TA205
2021-12-06,-0.05827997850771817,TA201,TA205
2021-12-07,-0.045249726633985424,TA201,TA205
2021-12-08,-0.040391489630747485,TA201,TA205
2021-12-09,-0.021596536205443162,TA201,TA205
2021-12-10,-0.0491602203443179,TA201,TA205
2021-12-13,-0.05819147447451806,TA203,TA205
2021-12-14,-0.05926610351622523,TA203,TA205
2021-12-15,-0.06212307438445126,TA203,TA205
2021-12-16,-0.06669585563944708,TA203,TA205
2021-12-17,-0.06414429276875888,TA203,TA205
2021-12-20,-0.06072659098758572,TA203,TA205
2021-12-21,-0.06204277600160743,TA203,TA205
2021-12-22,-0.060504714399756285,TA203,TA205
2021-12-23,-0.05739282687799316,TA203,TA205
2021-12-24,-0.054478294202378416,TA203,TA205
2021-12-27,-0.05720250580771138,TA203,TA205
2021-12-28,-0.04874112912887599,TA203,TA205
2021-12-29,-0.0461634186526919,TA203,TA205
2021-12-30,-0.03852340681753617,TA203,TA205
2021-12-31,-0.04801946399298203,TA203,TA205
2022-01-04,-0.04295961073255557,TA203,TA205
2022-01-05,-0.046893556402608734,TA203,TA205
2022-01-06,-0.04238636151904884,TA203,TA205
2022-01-07,-0.03624020077608794,TA203,TA205
2022-01-10,-0.04377059150506937,TA203,TA205
2022-01-11,-0.03911806761359452,TA203,TA205
2022-01-12,-0.041395334761630924,TA203,TA205
2022-01-13,-0.04123727572657239,TA203,TA205
2022-01-14,-0.04248201089826224,TA203,TA205
2022-01-17,-0.04066280623706155,TA203,TA205
2022-01-18,-0.04241878133167297,TA203,TA205
2022-01-19,-0.04914398285773795,TA203,TA205
2022-01-20,-0.04259311740701199,TA203,TA205
2022-01-21,-0.04355319983397772,TA203,TA205
2022-01-24,-0.03598203595507869,TA204,TA205
2022-01-25,-0.02276608537140589,TA204,TA205
2022-01-26,-0.017758049855596363,TA204,TA205
2022-01-27,-0.00873680417188344,TA204,TA205
2022-01-28,-0.021925823750199254,TA204,TA205
2022-02-07,-0.020636290554319058,TA204,TA205
2022-02-08,-0.008247423005059592,TA204,TA205
2022-02-09,-0.012651556258872574,TA204,TA205
2022-02-10,-0.021108184862154704,TA204,TA205
2022-02-11,0.012919434228361525,TA205,TA206
2022-02-14,-0.0,TA205,TA206
2022-02-15,0.004214223045945707,TA205,TA206
2022-02-16,0.008784773452356696,TA205,TA206
2022-02-17,0.013440359814598225,TA205,TA206
2022-02-18,0.004455169904524101,TA205,TA206
2022-02-21,-0.0,TA205,TA206
2022-02-22,0.008648649023018151,TA205,TA206
2022-02-23,0.00437397489807149,TA205,TA206
2022-02-24,0.01658031351858378,TA205,TA206
2022-02-25,0.03790141771620466,TA205,TA206
2022-02-28,0.034139425586775005,TA205,TA206
2022-03-01,0.037861556386880255,TA205,TA206
2022-03-02,0.044169365577901604,TA205,TA206
2022-03-03,0.13068674969249233,TA205,TA206
2022-03-04,0.0677180220317598,TA205,TA206
2022-03-07,0.06699769264455925,TA205,TA206
2022-03-08,0.02684135964923766,TA205,TA206
2022-03-09,0.0550712302036907,TA205,TA206
2022-03-10,-0.0714997150035675,TA205,TA206
2022-03-11,0.01980525288652365,TA205,TA206
2022-03-14,0.020321766075996377,TA205,TA206
2022-03-15,0.02107112042717904,TA205,TA206
2022-03-16,0.00833333366823111,TA205,TA206
2022-03-17,0.012638231815904415,TA205,TA206
2022-03-18,0.02791162580857716,TA205,TA206
2022-03-21,0.02000333852092847,TA205,TA206
2022-03-22,0.011747431187809923,TA205,TA206
2022-03-23,0.019553532108755798,TA205,TA206
2022-03-24,0.023422258574634158,TA205,TA206
2022-03-25,0.026670911122052603,TA205,TA206
2022-03-28,0.03559073296053945,TA205,TA206
2022-03-29,0.035791244428603985,TA205,TA206
2022-03-30,0.04672836809337309,TA205,TA209
2022-03-31,0.036785879299534384,TA205,TA209
2022-04-01,0.03137151205252161,TA205,TA209
2022-04-06,0.025399044582637403,TA205,TA209
2022-04-07,0.03779890853080617,TA205,TA209
2022-04-08,0.04201469137488303,TA205,TA209
2022-04-11,0.03056053592097899,TA205,TA209
2022-04-12,0.019646435636716385,TA205,TA209
2022-04-13,0.009227224391660368,TA206,TA209
2022-04-14,0.014490383045740164,TA206,TA209
2022-04-15,0.002610114285109747,TA206,TA209
2022-04-18,0.0012951270956596708,TA206,TA209
2022-04-19,0.0,TA206,TA209
2022-04-20,0.011633551583828007,TA206,TA209
2022-04-21,0.010262994725735325,TA206,TA209
2022-04-22,0.02069862316006995,TA206,TA209
2022-04-25,0.022868735571431553,TA206,TA209
2022-04-26,0.022313429478471883,TA206,TA209
2022-04-27,0.02084695272478157,TA206,TA209
2022-04-28,0.025295967418496282,TA207,TA209
2022-04-29,0.035697615869306434,TA207,TA209
2022-05-05,0.03361353329201851,TA207,TA209
2022-05-06,0.04084174185671456,TA207,TA209
2022-05-09,0.04305119078441169,TA207,TA209
2022-05-10,0.034850049574481734,TA207,TA209
2022-05-11,0.07537713226323928,TA208,TA209
2022-05-12,0.14861993321114372,TA208,TA209
2022-05-13,0.11408285567296145,TA208,TA209
2022-05-16,0.09961515846574767,TA208,TA209
2022-05-17,0.08840470217696988,TA208,TA209
2022-05-18,0.05797112723598711,TA208,TA209
2022-05-19,0.07215896668142212,TA208,TA209
2022-05-20,0.10701616704102541,TA208,TA209
2022-05-23,0.08943252006882522,TA208,TA209
2022-05-24,0.09446006994921616,TA208,TA209
2022-05-25,0.09252714880899214,TA208,TA209
2022-05-26,0.12788753368785574,TA208,TA209
2022-05-27,0.09635739505971874,TA208,TA209
2022-05-30,0.10965441076366364,TA208,TA209
2022-05-31,0.12901475425901585,TA208,TA209
2022-06-01,0.1319282341774462,TA208,TA209
2022-06-02,0.10331071677065137,TA208,TA209
2022-06-06,0.05044143618752307,TA208,TA209
2022-06-07,0.23871754954684282,TA208,TA209
2022-06-08,0.1926103711031093,TA208,TA209
2022-06-09,0.21155659096258478,TA208,TA209
2022-06-10,0.1522219143277877,TA208,TA209
2022-06-13,0.17850227718052655,TA208,TA209
2022-06-14,0.1439493815515731,TA208,TA209
2022-06-15,0.13976863499017916,TA208,TA209
2022-06-16,0.1486505495043697,TA208,TA209
2022-06-17,0.1435505583285342,TA208,TA209
2022-06-20,0.1376556534618552,TA208,TA209
2022-06-21,0.19985852764598175,TA209,TA210
2022-06-22,0.20042219541517764,TA209,TA210
2022-06-23,0.2246388581981347,TA209,TA210
2022-06-24,0.09777553309906284,TA209,TA210
2022-06-27,0.20582434140143874,TA209,TA210
2022-06-28,0.19811345965708926,TA209,TA210
2022-06-29,0.13791113121260865,TA209,TA210
2022-06-30,0.17175153177600985,TA209,TA210
2022-07-01,0.18080162505539843,TA209,TA210
2022-07-04,0.24965968033976033,TA209,TA210
2022-07-05,0.2503251328012295,TA209,TA210
2022-07-06,0.26219859341587803,TA209,TA210
2022-07-07,0.28529721467694513,TA209,TA210
2022-07-08,0.38751307900901294,TA209,TA210
2022-07-11,0.34197145158818887,TA209,TA210
2022-07-12,0.1606339414322619,TA209,TA210
2022-07-13,0.12996516929243462,TA209,TA210
2022-07-14,0.20901028657565357,TA209,TA210
2022-07-15,0.14792174976790226,TA209,TA210
2022-07-18,0.1598008138891683,TA209,TA210
2022-07-19,-0.039742446629756775,TA209,TA210
2022-07-20,-0.01304584292288689,TA209,TA210
2022-07-21,0.030573264945583975,TA209,TA210
2022-07-22,0.128852482353433,TA209,TA211
2022-07-25,0.1912512511826937,TA209,TA211
2022-07-26,0.19042646923312279,TA209,TA211
2022-07-27,0.2146844236850275,TA209,TA211
2022-07-28,0.18607727419928902,TA209,TA211
2022-07-29,0.1743464068772567,TA209,TA211
2022-08-01,0.17416564920131805,TA209,TA211
2022-08-02,0.11553899712069696,TA209,TA301
2022-08-03,0.10494576577491393,TA209,TA301
2022-08-04,0.145534954277021,TA209,TA301
2022-08-05,0.12805475955285095,TA209,TA301
2022-08-08,0.17044625848797795,TA209,TA301
2022-08-09,0.15865522604201726,TA209,TA301
2022-08-10,0.07388720681107924,TA211,TA301
2022-08-11,0.09896244423511202,TA211,TA301
2022-08-12,0.13910001273394368,TA211,TA301
2022-08-15,0.13201161116091142,TA211,TA301
2022-08-16,0.1356598252296638,TA211,TA301
2022-08-17,0.13562371088694436,TA211,TA301
2022-08-18,0.11924511724250178,TA211,TA301
2022-08-19,0.1447463033431892,TA211,TA301
2022-08-22,0.18226470088722713,TA211,TA301
2022-08-23,0.16938316093237848,TA211,TA301
2022-08-24,0.20171714336445395,TA211,TA301
2022-08-25,0.20609137905615282,TA211,TA301
2022-08-26,0.2359796048084427,TA211,TA301
2022-08-29,0.24224253178561567,TA211,TA301
2022-08-30,0.2664285476452147,TA211,TA301
2022-08-31,0.2802967951271116,TA211,TA301
2022-09-01,0.2787300528549198,TA211,TA301
2022-09-02,0.29592654389152717,TA211,TA301
2022-09-05,0.27912009380935743,TA211,TA301
2022-09-06,0.18871436332230557,TA211,TA301
2022-09-07,0.2019524689640128,TA211,TA301
2022-09-08,0.20041367558103262,TA211,TA301
2022-09-09,0.1830297898412737,TA211,TA301
2022-09-13,0.17023873131589323,TA211,TA301
2022-09-14,0.18189474249229812,TA211,TA301
2022-09-15,0.2167045513679722,TA211,TA301
2022-09-16,0.25288717090479956,TA211,TA301
2022-09-19,0.21695579991316893,TA211,TA301
2022-09-20,0.23990459074210752,TA211,TA301
2022-09-21,0.2472416829266951,TA211,TA301
2022-09-22,0.25249167260588046,TA211,TA301
2022-09-23,0.2387526354226672,TA211,TA301
2022-09-26,0.274282919349056,TA211,TA301
2022-09-27,0.3101295014535772,TA211,TA301
2022-09-28,0.2876302813559568,TA212,TA301
2022-09-29,0.25329583262162547,TA212,TA301
2022-09-30,0.24697674424376095,TA212,TA301
2022-10-10,0.2829534698404157,TA212,TA301
2022-10-11,0.2332641040058491,TA212,TA301
2022-10-12,0.2280864792546408,TA212,TA301
2022-10-13,0.21842612518058935,TA212,TA301
2022-10-14,0.18162508878120975,TA212,TA301
2022-10-17,0.1336316704858369,TA301,TA302
2022-10-18,0.13579265181134215,TA301,TA302
2022-10-19,0.12589100099501915,TA301,TA302
2022-10-20,0.1112974032784981,TA301,TA302
2022-10-21,0.09486215408535914,TA301,TA302
2022-10-24,0.09066911287832233,TA301,TA302
2022-10-25,0.08244307236902884,TA301,TA302
2022-10-26,0.05517251098355318,TA301,TA302
2022-10-27,0.07370464629436797,TA301,TA302
2022-10-28,0.06658756681481692,TA301,TA302
2022-10-31,0.12999124104987708,TA301,TA302
2022-11-01,0.13104654415993094,TA301,TA302
2022-11-02,0.11702842898919352,TA301,TA302
2022-11-03,0.09788362682362595,TA301,TA302
2022-11-04,0.11620202533397869,TA301,TA302
2022-11-07,0.06798885042812769,TA301,TA302
2022-11-08,0.045558141281314544,TA301,TA302
2022-11-09,0.05469056181341047,TA301,TA302
2022-11-10,0.05494095823819854,TA301,TA302
2022-11-11,0.06219932474227616,TA301,TA302
2022-11-14,0.026845648780275858,TA301,TA302
2022-11-15,0.03580756107135061,TA301,TA302
2022-11-16,0.044642908631697786,TA301,TA302
2022-11-17,0.027293415860034594,TA301,TA302
2022-11-18,0.06252340158488251,TA301,TA302
2022-11-21,0.02905310329951668,TA301,TA305
2022-11-22,0.022261379242362184,TA301,TA305
2022-11-23,0.02229621058837425,TA301,TA305
2022-11-24,0.02932574671392699,TA301,TA305
2022-11-25,0.029337217949612398,TA301,TA305
2022-11-28,0.02740833364185475,TA301,TA305
2022-11-29,0.030350453413961587,TA301,TA305
2022-11-30,0.027917999072908695,TA301,TA305
2022-12-01,0.02317508628043638,TA301,TA305
2022-12-02,0.009244999612224337,TA301,TA305
2022-12-05,-0.015291152493521691,TA301,TA305
2022-12-06,-0.014446255844599711,TA301,TA305
2022-12-07,0.024529981311736615,TA301,TA305
2022-12-08,0.004825090730481849,TA303,TA305
2022-12-09,0.0356931451186349,TA303,TA305
2022-12-12,0.02355715629168669,TA303,TA305
2022-12-13,0.027777827392451854,TA303,TA305
2022-12-14,0.030005832876756025,TA303,TA305
2022-12-15,0.020404327240529388,TA303,TA305
2022-12-16,0.022379735010382734,TA303,TA305
2022-12-19,0.024854111984527333,TA303,TA305
2022-12-20,0.017950649140935925,TA303,TA305
2022-12-21,0.01546677343310712,TA303,TA305
2022-12-22,0.022066961247531554,TA303,TA305
2022-12-23,0.0066555747257145345,TA303,TA305
2022-12-26,0.013240167196947764,TA303,TA305
2022-12-27,0.006546645494007341,TA303,TA305
2022-12-28,0.0021845986041456444,TA303,TA305
2022-12-29,0.008739986978784985,TA303,TA305
2022-12-30,-0.004333694662944057,TA303,TA305
2023-01-03,-0.002170374413247867,TA303,TA305
2023-01-04,0.008820288247733824,TA303,TA305
2023-01-05,-0.009070296511931805,TA303,TA305
2023-01-06,-0.015792451305646257,TA303,TA305
2023-01-09,-0.015906087709741452,TA303,TA305
2023-01-10,-0.020373534006828963,TA303,TA305
2023-01-11,-0.01806550103969734,TA303,TA305
2023-01-12,-0.024180285520071745,TA303,TA305
2023-01-13,-0.028022325051670918,TA303,TA305
2023-01-16,-0.021802349571137206,TA303,TA305
2023-01-17,-0.021731280546926038,TA303,TA305
2023-01-18,-0.02098638026252723,TA303,TA305
2023-01-19,-0.02099372330769042,TA303,TA305
2023-01-20,-0.018489999224448675,TA303,TA305
2023-01-30,-0.022762572567494914,TA303,TA305
2023-01-31,-0.02510461166668876,TA304,TA305
2023-02-01,0.0,TA304,TA305
2023-02-02,-0.008547008908334503,TA304,TA305
2023-02-03,-0.01703940648386102,TA304,TA305
2023-02-06,-0.012772752669440418,TA304,TA305
2023-02-07,-0.00847457662340403,TA304,TA305
2023-02-08,-0.008537887233168591,TA304,TA305
2023-02-09,-0.004271222682572956,TA304,TA305
2023-02-10,0.008787990140103157,TA304,TA305
2023-02-13,-0.004385163578855643,TA304,TA305
2023-02-14,-0.021974003576583814,TA304,TA305
2023-02-15,-0.013189230124227479,TA304,TA305
2023-02-16,-0.01741023156325467,TA304,TA305
2023-02-17,0.0,TA304,TA305
2023-02-20,0.004389976269922614,TA304,TA305
2023-02-21,0.01716124711504897,TA304,TA305
2023-02-22,0.02140182482757178,TA304,TA305
2023-02-23,0.0215092368037796,TA304,TA305
2023-02-24,0.025513829597145155,TA304,TA305
2023-02-27,0.019551119161113226,TA305,TA309
2023-02-28,0.026819416949800213,TA305,TA309
2023-03-01,0.033461157965395144,TA305,TA306
2023-03-02,0.033589944955373596,TA305,TA306
2023-03-03,0.03754565899696451,TA305,TA306
2023-03-06,0.04579363753402713,TA305,TA306
2023-03-07,0.05393267505407191,TA305,TA306
2023-03-08,0.08709213967541433,TA305,TA306
2023-03-09,0.07106796594935595,TA305,TA306
2023-03-10,0.07979032021804132,TA305,TA306
2023-03-13,0.1079592056769842,TA305,TA306
2023-03-14,0.10307865814821653,TA305,TA306
2023-03-15,0.09431988536852359,TA305,TA306
2023-03-16,0.1882906720412007,TA305,TA306
2023-03-17,0.30650832677063816,TA305,TA306
2023-03-20,0.40837274059000606,TA305,TA306
2023-03-21,0.43853844693688027,TA305,TA306
2023-03-22,0.42824568686364173,TA305,TA306
2023-03-23,0.3495392750762846,TA305,TA306
2023-03-24,0.39795976511030895,TA305,TA306
2023-03-27,0.33827743318634784,TA305,TA306
2023-03-28,0.35561117287592714,TA305,TA306
2023-03-29,0.4263606364065087,TA305,TA306
2023-03-30,0.30176171071550606,TA305,TA309
2023-03-31,0.2692886805668401,TA305,TA309
2023-04-03,0.2305402858558721,TA305,TA309
2023-04-04,0.21173833881433973,TA305,TA309
2023-04-06,0.20296641860265546,TA305,TA309
2023-04-07,0.1919546813993781,TA305,TA309
2023-04-10,0.19791765205381856,TA305,TA309
2023-04-11,0.16183260499820376,TA305,TA309
2023-04-12,0.08206105860221002,TA306,TA309
2023-04-13,0.11025908169967852,TA306,TA309
2023-04-14,0.12422537839636409,TA306,TA309
2023-04-17,0.19668620970918727,TA306,TA309
2023-04-18,0.1867531799160019,TA306,TA309
2023-04-19,0.1771556375304911,TA306,TA309
2023-04-20,0.20503476685104094,TA306,TA309
2023-04-21,0.18296704887419304,TA306,TA309
2023-04-24,0.17276826015546726,TA306,TA309
2023-04-25,0.14094722439777593,TA306,TA309
2023-04-26,0.174422096201329,TA306,TA309
2023-04-27,0.1882092636857432,TA307,TA309
2023-04-28,0.1767308691818263,TA307,TA309
2023-05-04,0.1794484867783886,TA307,TA309
2023-05-05,0.1999818881023805,TA307,TA309
2023-05-08,0.16664732173582253,TA307,TA309
2023-05-09,0.12475371913471511,TA307,TA309
2023-05-10,0.1343915188620079,TA307,TA309
2023-05-11,0.1533489822715331,TA307,TA309
2023-05-12,0.15362284963343734,TA307,TA309
2023-05-15,0.13887927930711977,TA307,TA309
2023-05-16,0.12315141566838511,TA307,TA309
2023-05-17,0.12432164493650427,TA307,TA309
2023-05-18,0.11327376958481739,TA307,TA309
2023-05-19,0.168963441501482,TA307,TA309
2023-05-22,0.1714402346643357,TA307,TA309
2023-05-23,0.16445473936048094,TA307,TA309
2023-05-24,0.13712355002491194,TA307,TA309
2023-05-25,0.12276643122804015,TA307,TA309
2023-05-26,0.15602417328963591,TA307,TA309
2023-05-29,0.12595467959020915,TA307,TA309
2023-05-30,0.1329754698868766,TA307,TA309
2023-05-31,0.11572789991365287,TA308,TA309
2023-06-01,0.14262728680777276,TA308,TA309
2023-06-02,0.15860205869592908,TA308,TA309
2023-06-05,0.14629080423134802,TA308,TA309
2023-06-06,0.1480425162323987,TA308,TA309
2023-06-07,0.1470818701503053,TA308,TA309
2023-06-08,0.12689270472532949,TA308,TA309
2023-06-09,0.12218287374143402,TA308,TA309
2023-06-12,0.12862810275764505,TA308,TA309
2023-06-13,0.1480425162323987,TA308,TA309
2023-06-14,0.13655908395315097,TA308,TA309
2023-06-15,0.14468260372875646,TA308,TA309
2023-06-16,0.144733929060789,TA308,TA309
2023-06-19,0.11728600153739241,TA308,TA309
2023-06-20,0.13743886816202755,TA308,TA309
2023-06-21,0.12843504693853208,TA308,TA309
2023-06-26,0.11745607639395533,TA308,TA309
2023-06-27,0.1038592851747595,TA308,TA309
2023-06-28,0.0959307434475678,TA308,TA309
2023-06-29,0.12606527823142338,TA308,TA309
2023-06-30,0.12143218909629042,TA309,TA310
2023-07-03,0.12047429981104057,TA309,TA310
2023-07-04,0.12515848037395272,TA309,TA310
2023-07-05,0.10793380914404635,TA309,TA310
2023-07-06,0.10296809691431177,TA309,TA310
2023-07-07,0.1556005680751486,TA309,TA310
2023-07-10,0.15099814753411267,TA309,TA310
2023-07-11,0.2362362598355912,TA309,TA310
2023-07-12,0.20948675078505258,TA309,TA310
2023-07-13,0.15177095147869063,TA309,TA310
2023-07-14,0.15002729627951167,TA309,TA310
2023-07-17,0.1414227806954668,TA309,TA310
2023-07-18,0.12426759308530984,TA309,TA310
2023-07-19,0.11546480836874515,TA309,TA310
2023-07-20,0.1436160072300824,TA309,TA310
2023-07-21,0.12253339959212046,TA309,TA310
2023-07-24,0.10335981213737935,TA309,TA310
2023-07-25,0.07359477922436669,TA309,TA310
2023-07-26,0.06528407805390218,TA309,TA310
2023-07-27,0.0569685708805146,TA309,TA310
2023-07-28,0.09086463167944224,TA309,TA310
2023-07-31,0.043963413036806176,TA309,TA310
2023-08-01,0.035898314955310755,TA309,TA310
2023-08-02,0.05645171701186513,TA309,TA310
2023-08-03,0.041422201985734784,TA309,TA310
2023-08-04,0.031024061384197783,TA309,TA401
2023-08-07,0.022900874565213284,TA309,TA401
2023-08-08,0.021795632974237297,TA309,TA401
2023-08-09,0.05642618943227864,TA310,TA401
2023-08-10,0.04263406357413627,TA310,TA401
2023-08-11,0.04205566975410581,TA310,TA401
2023-08-14,0.0497415736315467,TA310,TA401
2023-08-15,0.06046147404486335,TA310,TA401
2023-08-16,0.06922983469845537,TA310,TA401
2023-08-17,0.07476853204861018,TA310,TA401
2023-08-18,0.05166625196138128,TA310,TA401
2023-08-21,0.03989394770703646,TA310,TA401
2023-08-22,0.03580332208033831,TA310,TA401
2023-08-23,0.03462072211645209,TA310,TA401
2023-08-24,0.03065149098227639,TA310,TA401
2023-08-25,0.03153761409659534,TA310,TA401
2023-08-28,0.03183040669325656,TA310,TA401
2023-08-29,0.029411897221034933,TA310,TA401
2023-08-30,0.02535352382944487,TA311,TA401
2023-08-31,0.03132144143790123,TA311,TA401
2023-09-01,0.027193312977340702,TA311,TA401
2023-09-04,0.019730369637519778,TA311,TA401
2023-09-05,0.023731079057568084,TA311,TA401
2023-09-06,0.021425116094927886,TA311,TA401
2023-09-07,0.02362983034507947,TA311,TA401
2023-09-08,0.027823832571102165,TA311,TA401
2023-09-11,0.03327361324623976,TA311,TA401
2023-09-12,0.026548715882133814,TA311,TA401
2023-09-13,0.030485934116070878,TA311,TA401
2023-09-14,0.030141350671594548,TA311,TA401
2023-09-15,0.022500026367243266,TA311,TA401
2023-09-18,0.02274165704268496,TA311,TA401
2023-09-19,0.028404660908452152,TA311,TA401
2023-09-20,0.028530724230063066,TA311,TA401
2023-09-21,0.02891571861569353,TA311,TA401
2023-09-22,0.024892328666746906,TA311,TA401
2023-09-25,0.03271860553600831,TA311,TA401
2023-09-26,0.03327361324623976,TA311,TA401
2023-09-27,0.027272774230047828,TA311,TA401
2023-09-28,0.03284503452444558,TA311,TA401
2023-10-09,0.05231421471473966,TA311,TA401
2023-10-10,0.0317788722472788,TA401,TA405
2023-10-11,0.07748540091494446,TA312,TA401
2023-10-12,0.0743804034280686,TA312,TA401
2023-10-13,0.05801116270073545,TA312,TA401
2023-10-16,0.06157017098812336,TA312,TA401
2023-10-17,0.05365443160495269,TA312,TA401
2023-10-18,0.04955272010413335,TA312,TA401
2023-10-19,0.04974100386202612,TA312,TA401
2023-10-20,0.04565110122641117,TA312,TA401
2023-10-23,0.029468529104929676,TA312,TA401
2023-10-24,0.01659177588899448,TA312,TA401
2023-10-25,0.04130813029167238,TA312,TA401
2023-10-26,0.041081861418248926,TA312,TA401
2023-10-27,-0.008221998979959434,TA401,TA405
2023-10-30,-0.0020345880739150173,TA401,TA405
2023-10-31,-0.0010154002466204216,TA401,TA405
2023-11-01,-0.0,TA401,TA405
2023-11-02,-0.001024415239593777,TA401,TA405
2023-11-03,-0.0020242915747816165,TA401,TA405
2023-11-06,-0.0,TA401,TA405
2023-11-07,-0.0010307507402550794,TA401,TA405
2023-11-08,0.00824458981246066,TA401,TA402
2023-11-09,0.004137217762063913,TA401,TA402
2023-11-10,0.012352034029369584,TA401,TA402
2023-11-13,0.004137217762063913,TA401,TA402
2023-11-14,0.01226784908346198,TA401,TA402
2023-11-15,-0.0,TA401,TA402
2023-11-16,0.019870844083484836,TA401,TA402
2023-11-17,0.019930248726849068,TA401,TA402
2023-11-20,0.011946242898019127,TA401,TA402
2023-11-21,-0.008241758565735675,TA401,TA402
2023-11-22,-0.03732506897270796,TA401,TA402
2023-11-23,-0.016614748240932672,TA401,TA402
2023-11-24,-0.018678718245294296,TA401,TA405
2023-11-27,-0.018967397218461322,TA401,TA405
2023-11-28,-0.022281269530845846,TA401,TA405
2023-11-29,-0.030878710946466475,TA401,TA405
2023-11-30,-0.022861212119071325,TA401,TA405
2023-12-01,-0.016907406498413564,TA401,TA405
2023-12-04,-0.022241937714721178,TA401,TA405
2023-12-05,-0.019020845683749153,TA401,TA405
2023-12-06,-0.01118490767226727,TA402,TA405
2023-12-07,-0.012656013370626412,TA402,TA405
2023-12-08,-0.01671893761083187,TA402,TA405
2023-12-11,-0.01814695138321216,TA402,TA405
2023-12-12,-0.022268672685400868,TA402,TA405
2023-12-13,-0.008595991846842468,TA402,TA405
2023-12-14,-0.007200722016591417,TA402,TA405
2023-12-15,-0.01977405156971961,TA402,TA405
2023-12-18,-0.023813763209994926,TA402,TA405
2023-12-19,-0.018191390458613715,TA402,TA405
2023-12-20,-0.023307692339472035,TA402,TA405
2023-12-21,-0.028537576455496365,TA402,TA405
2023-12-22,-0.029810436078281006,TA402,TA405
2023-12-25,-0.025828466971648287,TA402,TA405
2023-12-26,-0.027238784183235526,TA402,TA405
2023-12-27,-0.03227993308556651,TA402,TA405
2023-12-28,-0.03352911501121755,TA402,TA405
2023-12-29,-0.02976002905878191,TA402,TA405
2024-01-02,-0.029729866589325367,TA402,TA405
2024-01-03,-0.030054786204783884,TA402,TA405
2024-01-04,0.02042213468407504,TA405,TA409
2024-01-05,0.02040824196825757,TA405,TA409
2024-01-08,0.021894102388041077,TA405,TA409
2024-01-09,0.02424894594044199,TA405,TA409
2024-01-10,0.02412178701061949,TA405,TA409
2024-01-11,0.02310935796881563,TA405,TA409
2024-01-12,0.023979276234354193,TA405,TA409
2024-01-15,0.03244406294038607,TA405,TA409
2024-01-16,0.042509783327581735,TA405,TA409
2024-01-17,0.04156630402651822,TA405,TA409
2024-01-18,0.05177898642759001,TA405,TA409
2024-01-19,0.04613109861176856,TA405,TA409
2024-01-22,0.047952049644768124,TA405,TA409
2024-01-23,0.05159459489166207,TA405,TA409
2024-01-24,0.05930834803872665,TA405,TA409
2024-01-25,0.05944778903790547,TA405,TA409
2024-01-26,0.051094906815466516,TA405,TA409
2024-01-29,0.05221015307608991,TA405,TA409
2024-01-30,0.04726090701126889,TA405,TA409
2024-01-31,0.04967168718436406,TA405,TA409
